Product Name,Product SKU,Category,Price,Inventory,Image URL,Description
Incantations,HAWK-FD-01,digital > Full Disclosure,0.69,1,https://assets.omniversalmedia.org/images/incantations.jpg,"Digital download of ""Incantations"" by Hawk Eye The Rapper."
Mind Kontrol,HAWK-FD-02,digital > Full Disclosure,0.69,1,https://assets.omniversalmedia.org/images/mind-kontrol.jpg,"Digital download of ""Mind Kontrol"" by Hawk Eye The Rapper."
Will You Listen,HAWK-FD-03,digital > Full Disclosure,0.69,1,https://assets.omniversalmedia.org/images/will-you-listen.jpg,"Digital download of ""Will You Listen"" by Hawk Eye The Rapper."
Game,HAWK-FD-04,digital > Full Disclosure,0.69,1,https://assets.omniversalmedia.org/images/game.jpg,"Digital download of ""Game"" by Hawk Eye The Rapper."
Devil S In The Details,HAWK-FD-05,digital > Full Disclosure,0.69,1,https://assets.omniversalmedia.org/images/devil-s-in-the-details.jpg,"Digital download of ""Devil S In The Details"" by Hawk Eye The Rapper."
Never Heard Of Me,HAWK-FD-06,digital > Full Disclosure,0.69,1,https://assets.omniversalmedia.org/images/never-heard-of-me.jpg,"Digital download of ""Never Heard Of Me"" by Hawk Eye The Rapper."
Relentless,HAWK-FD-07,digital > Full Disclosure,0.69,1,https://assets.omniversalmedia.org/images/relentless.jpg,"Digital download of ""Relentless"" by Hawk Eye The Rapper."
Synthesis,HAWK-FD-08,digital > Full Disclosure,0.69,1,https://assets.omniversalmedia.org/images/synthesis.jpg,"Digital download of ""Synthesis"" by Hawk Eye The Rapper."
Spiteful Poetry,HAWK-FD-09,digital > Full Disclosure,0.69,1,https://assets.omniversalmedia.org/images/spiteful-poetry.jpg,"Digital download of ""Spiteful Poetry"" by Hawk Eye The Rapper."
Krystal Klear,HAWK-FD-10,digital > Full Disclosure,0.69,1,https://assets.omniversalmedia.org/images/krystal-klear.jpg,"Digital download of ""Krystal Klear"" by Hawk Eye The Rapper."
Invokation,HAWK-FD-11,digital > Full Disclosure,0.69,1,https://assets.omniversalmedia.org/images/invokation.jpg,"Digital download of ""Invokation"" by Hawk Eye The Rapper."
Shadow Is Rising,HAWK-FD-12,digital > Full Disclosure,0.69,1,https://assets.omniversalmedia.org/images/shadow-is-rising.jpg,"Digital download of ""Shadow Is Rising"" by Hawk Eye The Rapper."
Psychological Warfare,HAWK-FD-13,digital > Full Disclosure,0.69,1,https://assets.omniversalmedia.org/images/psychological-warfare.jpg,"Digital download of ""Psychological Warfare"" by Hawk Eye The Rapper."
Down The Rabbit Hole,HAWK-FD-14,digital > Full Disclosure,0.69,1,https://assets.omniversalmedia.org/images/down-the-rabbit-hole.jpg,"Digital download of ""Down The Rabbit Hole"" by Hawk Eye The Rapper."
Domestic Terrorist,HAWK-BAP-01,digital > Behold A Pale Horse,0.69,1,https://assets.omniversalmedia.org/images/domestic-terrorist.jpg,"Digital download of ""Domestic Terrorist"" by Hawk Eye The Rapper."
When Shit Gets Real,HAWK-BAP-02,digital > Behold A Pale Horse,0.69,1,https://assets.omniversalmedia.org/images/when-shit-gets-real.jpg,"Digital download of ""When Shit Gets Real"" by Hawk Eye The Rapper."
Legion,HAWK-BAP-03,digital > Behold A Pale Horse,0.69,1,https://assets.omniversalmedia.org/images/legion.jpg,"Digital download of ""Legion"" by Hawk Eye The Rapper."
Swordfish,HAWK-BAP-04,digital > Behold A Pale Horse,0.69,1,https://assets.omniversalmedia.org/images/swordfish.jpg,"Digital download of ""Swordfish"" by Hawk Eye The Rapper."
Mic Check,HAWK-BAP-05,digital > Behold A Pale Horse,0.69,1,https://assets.omniversalmedia.org/images/mic-check.jpg,"Digital download of ""Mic Check"" by Hawk Eye The Rapper."
Shakur,HAWK-BAP-06,digital > Behold A Pale Horse,0.69,1,https://assets.omniversalmedia.org/images/shakur.jpg,"Digital download of ""Shakur"" by Hawk Eye The Rapper."
Last One Left,HAWK-BAP-07,digital > Behold A Pale Horse,0.69,1,https://assets.omniversalmedia.org/images/last-one-left.jpg,"Digital download of ""Last One Left"" by Hawk Eye The Rapper."
Full Disclosure,HAWK-BAP-08,digital > Behold A Pale Horse,0.69,1,https://assets.omniversalmedia.org/images/full-disclosure.jpg,"Digital download of ""Full Disclosure"" by Hawk Eye The Rapper."
Abreactions,HAWK-BAP-09,digital > Behold A Pale Horse,0.69,1,https://assets.omniversalmedia.org/images/abreactions.jpg,"Digital download of ""Abreactions"" by Hawk Eye The Rapper."
Soft Disclosure,HAWK-BAP-10,digital > Behold A Pale Horse,0.69,1,https://assets.omniversalmedia.org/images/soft-disclosure.jpg,"Digital download of ""Soft Disclosure"" by Hawk Eye The Rapper."
Eyes Wide Open,HAWK-BAP-11,digital > Behold A Pale Horse,0.69,1,https://assets.omniversalmedia.org/images/eyes-wide-open.jpg,"Digital download of ""Eyes Wide Open"" by Hawk Eye The Rapper."
Artificial Intelligence,HAWK-M-01,digital > Milabs,0.69,1,https://assets.omniversalmedia.org/images/artificial-intelligence.jpg,"Digital download of ""Artificial Intelligence"" by Hawk Eye The Rapper."
When My Elites Surround,HAWK-M-02,digital > Milabs,0.69,1,https://assets.omniversalmedia.org/images/when-my-elites-surround.jpg,"Digital download of ""When My Elites Surround"" by Hawk Eye The Rapper."
Reincarnated 2 Resist,HAWK-M-03,digital > Milabs,0.69,1,https://assets.omniversalmedia.org/images/reincarnated-2-resist.jpg,"Digital download of ""Reincarnated 2 Resist"" by Hawk Eye The Rapper."
Fema,HAWK-M-04,digital > Milabs,0.69,1,https://assets.omniversalmedia.org/images/fema.jpg,"Digital download of ""Fema"" by Hawk Eye The Rapper."
Antidote,HAWK-M-05,digital > Milabs,0.69,1,https://assets.omniversalmedia.org/images/antidote.jpg,"Digital download of ""Antidote"" by Hawk Eye The Rapper."
Avalanche,HAWK-M-06,digital > Milabs,0.69,1,https://assets.omniversalmedia.org/images/avalanche.jpg,"Digital download of ""Avalanche"" by Hawk Eye The Rapper."
Stay Real,HAWK-M-07,digital > Milabs,0.69,1,https://assets.omniversalmedia.org/images/stay-real.jpg,"Digital download of ""Stay Real"" by Hawk Eye The Rapper."
Illuminati,HAWK-M-08,digital > Milabs,0.69,1,https://assets.omniversalmedia.org/images/illuminati.jpg,"Digital download of ""Illuminati"" by Hawk Eye The Rapper."
Syntax,HAWK-M-09,digital > Milabs,0.69,1,https://assets.omniversalmedia.org/images/syntax.jpg,"Digital download of ""Syntax"" by Hawk Eye The Rapper."
Story Celebrated Throughout Time,HAWK-M-10,digital > Milabs,0.69,1,https://assets.omniversalmedia.org/images/story-celebrated-throughout-time.jpg,"Digital download of ""Story Celebrated Throughout Time"" by Hawk Eye The Rapper."
Ashes,HAWK-M-11,digital > Milabs,0.69,1,https://assets.omniversalmedia.org/images/ashes.jpg,"Digital download of ""Ashes"" by Hawk Eye The Rapper."
Superstitions,HAWK-M-12,digital > Milabs,0.69,1,https://assets.omniversalmedia.org/images/superstitions.jpg,"Digital download of ""Superstitions"" by Hawk Eye The Rapper."
Behold A Pale Horse,HAWK-M-13,digital > Milabs,0.69,1,https://assets.omniversalmedia.org/images/behold-a-pale-horse.jpg,"Digital download of ""Behold A Pale Horse"" by Hawk Eye The Rapper."
Kamikaze,HAWK-ME-01,digital > Malicious EP,0.69,1,https://assets.omniversalmedia.org/images/kamikaze.jpg,"Digital download of ""Kamikaze"" by Hawk Eye The Rapper."
Whistle Blower,HAWK-ME-02,digital > Malicious EP,0.69,1,https://assets.omniversalmedia.org/images/whistle-blower.jpg,"Digital download of ""Whistle Blower"" by Hawk Eye The Rapper."
Story Of Our Former Glory,HAWK-ME-03,digital > Malicious EP,0.69,1,https://assets.omniversalmedia.org/images/story-of-our-former-glory.jpg,"Digital download of ""Story Of Our Former Glory"" by Hawk Eye The Rapper."
Warning Shots,HAWK-ME-04,digital > Malicious EP,0.69,1,https://assets.omniversalmedia.org/images/warning-shots.jpg,"Digital download of ""Warning Shots"" by Hawk Eye The Rapper."
Fuck Society,HAWK-SB-01,digital > Shadow Banned,0.69,1,https://assets.omniversalmedia.org/images/fuck-society.jpg,"Digital download of ""Fuck Society"" by Hawk Eye The Rapper."
Monumental,HAWK-SB-02,digital > Shadow Banned,0.69,1,https://assets.omniversalmedia.org/images/monumental.jpg,"Digital download of ""Monumental"" by Hawk Eye The Rapper."
Trafficked,HAWK-SB-03,digital > Shadow Banned,0.69,1,https://assets.omniversalmedia.org/images/trafficked.jpg,"Digital download of ""Trafficked"" by Hawk Eye The Rapper."
Hocus Pocus,HAWK-SB-04,digital > Shadow Banned,0.69,1,https://assets.omniversalmedia.org/images/hocus-pocus.jpg,"Digital download of ""Hocus Pocus"" by Hawk Eye The Rapper."
K T,HAWK-SB-05,digital > Shadow Banned,0.69,1,https://assets.omniversalmedia.org/images/k-t.jpg,"Digital download of ""K T"" by Hawk Eye The Rapper."
Delta Squad,HAWK-SB-06,digital > Shadow Banned,0.69,1,https://assets.omniversalmedia.org/images/delta-squad.jpg,"Digital download of ""Delta Squad"" by Hawk Eye The Rapper."
Scripture,HAWK-SB-07,digital > Shadow Banned,0.69,1,https://assets.omniversalmedia.org/images/scripture.jpg,"Digital download of ""Scripture"" by Hawk Eye The Rapper."
Menace To Society,HAWK-SB-08,digital > Shadow Banned,0.69,1,https://assets.omniversalmedia.org/images/menace-to-society.jpg,"Digital download of ""Menace To Society"" by Hawk Eye The Rapper."
Semi Automatic,HAWK-SB-09,digital > Shadow Banned,0.69,1,https://assets.omniversalmedia.org/images/semi-automatic.jpg,"Digital download of ""Semi Automatic"" by Hawk Eye The Rapper."
Reverse This Curse,HAWK-SB-10,digital > Shadow Banned,0.69,1,https://assets.omniversalmedia.org/images/reverse-this-curse.jpg,"Digital download of ""Reverse This Curse"" by Hawk Eye The Rapper."
Lifted,HAWK-SB-11,digital > Shadow Banned,0.69,1,https://assets.omniversalmedia.org/images/lifted.jpg,"Digital download of ""Lifted"" by Hawk Eye The Rapper."
Haunted,HAWK-SB-12,digital > Shadow Banned,0.69,1,https://assets.omniversalmedia.org/images/haunted.jpg,"Digital download of ""Haunted"" by Hawk Eye The Rapper."
Implants,HAWK-SB-13,digital > Shadow Banned,0.69,1,https://assets.omniversalmedia.org/images/implants.jpg,"Digital download of ""Implants"" by Hawk Eye The Rapper."
Name,SKU,Categories,Regular price,In stock?,Images,Description
Hawk Vision T-Shirt,HE-001,Hawk Eye The Rapper > Apparel,25.00,1,https://via.placeholder.com/600x600.png?text=Coming+Soon,T-shirt featuring a hawk's eye with musical notes in graffiti style. Color scheme: Black and Neon Green.
Graffiti Eye Long Sleeve,HE-002,Hawk Eye The Rapper > Apparel,30.00,1,https://via.placeholder.com/600x600.png?text=Coming+Soon,Long sleeve shirt with Hawk Eye in bold graffiti across the chest. Color scheme: Gray and Red.
Visionary Lyrics Hoodie,HE-003,Hawk Eye The Rapper > Apparel,50.00,1,https://via.placeholder.com/600x600.png?text=Coming+Soon,Hoodie displaying stylized lyrics forming a hawk silhouette. Color scheme: Black and Gold.
Winged Mic Bomber Jacket,HE-004,Hawk Eye The Rapper > Apparel,60.00,1,https://via.placeholder.com/600x600.png?text=Coming+Soon,Bomber jacket with a winged microphone graphic on the back. Color scheme: Army Green and White.
Hawk Emblem Jersey,HE-005,Hawk Eye The Rapper > Apparel,45.00,1,https://via.placeholder.com/600x600.png?text=Coming+Soon,Sports jersey featuring a hawk emblem and number print. Color scheme: Black and Orange.
Urban Camo Snapback Cap,HE-006,Hawk Eye The Rapper > Accessories,30.00,1,https://via.placeholder.com/600x600.png?text=Coming+Soon,Camouflage-pattern snapback cap with hawk logo embroidery. Color scheme: Green Camo and Black.
Eye of the Hawk Phone Case,HE-007,Hawk Eye The Rapper > Accessories,15.00,1,https://via.placeholder.com/600x600.png?text=Coming+Soon,Phone case featuring a close-up hawk eye graphic. Color scheme: Black and Yellow.
Golden Hawk Keychain,HE-008,Hawk Eye The Rapper > Accessories,10.00,1,https://via.placeholder.com/600x600.png?text=Coming+Soon,Metal keychain with a golden hawk emblem charm. Color scheme: Gold and Black.
Hawk Eye Enamel Pin,HE-009,Hawk Eye The Rapper > Accessories,8.00,1,https://via.placeholder.com/600x600.png?text=Coming+Soon,Enamel pin of the Hawk Eye logo for jackets or bags. Color scheme: Black and Silver.
Eye on the Prize Wristband,HE-010,Hawk Eye The Rapper > Accessories,5.00,1,https://via.placeholder.com/600x600.png?text=Coming+Soon,Black silicone wristband debossed with Eye on the Prize motto. Color scheme: Black and White.
Graffiti Tag Poster,HE-011,Hawk Eye The Rapper > Posters,15.00,1,https://via.placeholder.com/600x600.png?text=Coming+Soon,Poster with Hawk Eye's name in vibrant graffiti lettering. Color scheme: Multicolor on Black.
City Skyline Hawk Poster,HE-012,Hawk Eye The Rapper > Posters,15.00,1,https://via.placeholder.com/600x600.png?text=Coming+Soon,Art poster of a hawk flying over an urban city skyline at dusk. Color scheme: Orange and Purple.
Winged Mic Art Poster,HE-013,Hawk Eye The Rapper > Posters,20.00,1,https://via.placeholder.com/600x600.png?text=Coming+Soon,Illustrated poster of a microphone with wings and music notes. Color scheme: Black and White.
Hawk Eye Logo Sticker,HE-014,Hawk Eye The Rapper > Stickers,3.00,1,https://via.placeholder.com/600x600.png?text=Coming+Soon,Die-cut sticker of the Hawk Eye logo in full color. Color scheme: Brown and Yellow.
Street Graffiti Sticker,HE-015,Hawk Eye The Rapper > Stickers,3.00,1,https://via.placeholder.com/600x600.png?text=Coming+Soon,Sticker mimicking a graffiti tag of Hawk Eye's name. Color scheme: Red and Black.
Omniversal Logo T-Shirt,OM-001,Omniversal > Apparel,20.00,1,https://via.placeholder.com/600x600.png?text=Coming+Soon,T-shirt with the Omniversal logo and a subtle galaxy background. Color scheme: Navy Blue and White.
Galactic Dreams T-Shirt,OM-002,Omniversal > Apparel,25.00,1,https://via.placeholder.com/600x600.png?text=Coming+Soon,Tee featuring a vibrant galaxy print with shooting stars. Color scheme: Black and Purple.
Cosmic Unity Hoodie,OM-003,Omniversal > Apparel,45.00,1,https://via.placeholder.com/600x600.png?text=Coming+Soon,Hoodie displaying interconnected planets symbolizing unity. Color scheme: Dark Gray and Blue.
Infinite Cosmos Long Sleeve,OM-004,Omniversal > Apparel,30.00,1,https://via.placeholder.com/600x600.png?text=Coming+Soon,Long sleeve shirt with an infinite universe illustration on the back. Color scheme: Black and Teal.
Nebula Bomber Jacket,OM-005,Omniversal > Apparel,60.00,1,https://via.placeholder.com/600x600.png?text=Coming+Soon,Bomber jacket featuring an all-over nebula cloud print. Color scheme: Purple and Pink.
Galaxy Phone Case,OM-006,Omniversal > Accessories,15.00,1,https://via.placeholder.com/600x600.png?text=Coming+Soon,Phone case with a colorful spiral galaxy design. Color scheme: Blue and Purple.
Cosmic Coffee Mug,OM-007,Omniversal > Accessories,12.00,1,https://via.placeholder.com/600x600.png?text=Coming+Soon,Ceramic mug printed with a starry night sky and Omniversal text. Color scheme: Black and Silver.
Omniversal Logo Keychain,OM-008,Omniversal > Accessories,8.00,1,https://via.placeholder.com/600x600.png?text=Coming+Soon,Acrylic keychain with the Omniversal emblem in full color. Color scheme: Blue and White.
Celestial Canvas Tote Bag,OM-009,Omniversal > Accessories,15.00,1,https://via.placeholder.com/600x600.png?text=Coming+Soon,Canvas tote bag printed with planets and stars artwork. Color scheme: Black and Multicolor.
Stardust Cap,OM-010,Omniversal > Accessories,25.00,1,https://via.placeholder.com/600x600.png?text=Coming+Soon,Black cap speckled with embroidered stars and Omniversal text. Color scheme: Black and White.
Omniversal Galaxy Poster,OM-011,Omniversal > Posters,15.00,1,https://via.placeholder.com/600x600.png?text=Coming+Soon,Large poster showcasing a spiral galaxy with the Omniversal logo. Color scheme: Blue and Black.
Cosmic Mandala Poster,OM-012,Omniversal > Posters,15.00,1,https://via.placeholder.com/600x600.png?text=Coming+Soon,Poster of a mandala made of stars and planets. Color scheme: Purple and Gold.
Celestial Alignment Poster,OM-013,Omniversal > Posters,20.00,1,https://via.placeholder.com/600x600.png?text=Coming+Soon,Artwork poster depicting planets aligned in a cosmic scene. Color scheme: Blue and Orange.
Omniversal Logo Sticker,OM-014,Omniversal > Stickers,3.00,1,https://via.placeholder.com/600x600.png?text=Coming+Soon,Round sticker featuring the Omniversal logo and starfield background. Color scheme: Blue and White.
Holographic Galaxy Sticker,OM-015,Omniversal > Stickers,4.00,1,https://via.placeholder.com/600x600.png?text=Coming+Soon,Holographic sticker with a mini galaxy and planets. Color scheme: Rainbow on Black.
Phoenix Rebirth T-Shirt,R2R-001,Reincarnated2Resist > Apparel,20.00,1,https://via.placeholder.com/600x600.png?text=Coming+Soon,T-shirt featuring a fiery phoenix rising from ashes. Color scheme: Black and Orange.
Resist Forever Hoodie,R2R-002,Reincarnated2Resist > Apparel,45.00,1,https://via.placeholder.com/600x600.png?text=Coming+Soon,Hoodie with bold RESIST text and flame accents. Color scheme: Black and Red.
Rebel Camo Jacket,R2R-003,Reincarnated2Resist > Apparel,50.00,1,https://via.placeholder.com/600x600.png?text=Coming+Soon,Camouflage jacket adorned with the R2R emblem and patches. Color scheme: Green Camo and Black.
No Chains Long Sleeve,R2R-004,Reincarnated2Resist > Apparel,30.00,1,https://via.placeholder.com/600x600.png?text=Coming+Soon,Long sleeve tee showing broken chains to symbolize freedom. Color scheme: Gray and Black.
Resistance Symbol Tank Top,R2R-005,Reincarnated2Resist > Apparel,20.00,1,https://via.placeholder.com/600x600.png?text=Coming+Soon,Tank top with a raised fist graphic and R2R tagline. Color scheme: White and Black.
Resistance Fist Keychain,R2R-006,Reincarnated2Resist > Accessories,7.00,1,https://via.placeholder.com/600x600.png?text=Coming+Soon,Metal keychain featuring a raised fist symbol charm. Color scheme: Silver and Black.
Phoenix Flame Enamel Pin,R2R-007,Reincarnated2Resist > Accessories,8.00,1,https://via.placeholder.com/600x600.png?text=Coming+Soon,Enamel pin depicting a phoenix with flames. Color scheme: Red and Gold.
Never Surrender Wristband,R2R-008,Reincarnated2Resist > Accessories,5.00,1,https://via.placeholder.com/600x600.png?text=Coming+Soon,Red silicone wristband embossed with Never Surrender. Color scheme: Red and White.
Embroidered Rebel Patch,R2R-009,Reincarnated2Resist > Accessories,6.00,1,https://via.placeholder.com/600x600.png?text=Coming+Soon,Embroidered patch with the Reincarnated2Resist phoenix emblem. Color scheme: Black and Orange.
Freedom Bandana,R2R-010,Reincarnated2Resist > Accessories,10.00,1,https://via.placeholder.com/600x600.png?text=Coming+Soon,Black bandana printed with a white phoenix and protest slogans. Color scheme: Black and White.
Phoenix Rising Poster,R2R-011,Reincarnated2Resist > Posters,10.00,1,https://via.placeholder.com/600x600.png?text=Coming+Soon,Poster of a phoenix rising with the text Reborn to Resist. Color scheme: Orange and Black.
Fist of Resistance Poster,R2R-012,Reincarnated2Resist > Posters,12.00,1,https://via.placeholder.com/600x600.png?text=Coming+Soon,Graphic poster featuring a large raised fist and rays of light. Color scheme: Red and Black.
Rebellion Quote Poster,R2R-013,Reincarnated2Resist > Posters,10.00,1,https://via.placeholder.com/600x600.png?text=Coming+Soon,Poster with an inspirational resistance quote in bold typography. Color scheme: Black and White.
Reincarnated2Resist Logo Sticker,R2R-014,Reincarnated2Resist > Stickers,3.00,1,https://via.placeholder.com/600x600.png?text=Coming+Soon,Sticker of the R2R logo with phoenix and bold text. Color scheme: Black and Red.
Phoenix Emblem Sticker,R2R-015,Reincarnated2Resist > Stickers,4.00,1,https://via.placeholder.com/600x600.png?text=Coming+Soon,Die-cut sticker of the fiery phoenix emblem alone. Color scheme: Orange and Yellow.
